[{"id":0,"parent":1,"joint":"hinge","name":"door_frame","parts":[{"id":10,"name":"door_frame","children":[]},{"id":11,"name":"handle","children":[]},{"id":12,"name":"glass","children":[]}],"jointData":{"axis":{"origin":[0.32121962673618376,0.9194099903106691,0.30380600011286474],"direction":[0,1,0]},"limit":{"a":0,"b":120,"noLimit":false}}},{"id":1,"parent":-1,"joint":"heavy","name":"foot_base","parts":[{"id":4,"name":"foot","children":[]},{"id":5,"name":"foot","children":[]},{"id":6,"name":"foot","children":[]},{"id":7,"name":"foot","children":[]},{"id":15,"name":"frame","children":[]},{"id":13,"name":"hinge","children":[]},{"id":14,"name":"hinge","children":[]},{"id":17,"name":"shelf","children":[]},{"id":18,"name":"shelf","children":[]}],"jointData":{}}]