[{"children": [{"children": [{"children": [{"name": "door_frame", "id": 3, "objs": ["original-13"], "ori_id": 10, "text": "door_frame"}, {"name": "handle", "id": 4, "objs": ["original-11"], "ori_id": 11, "text": "handle"}], "name": "door", "objs": ["original-13", "original-11", "original-12", "original-5", "original-6"], "ori_id": 9, "id": 2, "text": "door"}, {"name": "frame", "id": 5, "objs": ["original-2"], "ori_id": 15, "text": "frame"}, {"children": [{"name": "shelf", "id": 7, "objs": ["original-74", "original-72", "original-126", "original-123", "original-127", "original-104", "original-85", "original-102", "original-84", "original-114", "original-103", "original-108", "original-92", "original-99", "original-125", "original-79", "original-100", "original-113", "original-122", "original-110", "original-80", "original-129", "original-109", "original-112", "original-128", "original-117", "original-78", "original-121", "original-119", "original-118", "original-107", "original-116", "original-93", "original-124", "original-95", "original-111", "original-106", "original-105", "original-97", "original-77", "original-88", "original-115", "original-101", "original-98", "original-120", "original-96", "original-91", "original-94", "original-82", "original-87", "original-90", "original-86", "original-83", "original-81", "original-89"], "ori_id": 17, "text": "shelf"}, {"name": "shelf", "id": 8, "objs": ["original-15", "original-70", "original-66", "original-63", "original-67", "original-44", "original-42", "original-25", "original-24", "original-54", "original-43", "original-48", "original-32", "original-39", "original-65", "original-19", "original-40", "original-53", "original-62", "original-50", "original-20", "original-69", "original-49", "original-52", "original-68", "original-57", "original-18", "original-61", "original-59", "original-58", "original-47", "original-56", "original-33", "original-64", "original-35", "original-51", "original-46", "original-45", "original-37", "original-17", "original-28", "original-55", "original-41", "original-38", "original-60", "original-36", "original-31", "original-34", "original-22", "original-27", "original-30", "original-26", "original-23", "original-21", "original-29"], "ori_id": 18, "text": "shelf"}], "name": "body_interior", "objs": ["original-74", "original-72", "original-126", "original-123", "original-127", "original-104", "original-85", "original-102", "original-84", "original-114", "original-103", "original-108", "original-92", "original-99", "original-125", "original-79", "original-100", "original-113", "original-122", "original-110", "original-80", "original-129", "original-109", "original-112", "original-128", "original-117", "original-78", "original-121", "original-119", "original-118", "original-107", "original-116", "original-93", "original-124", "original-95", "original-111", "original-106", "original-105", "original-97", "original-77", "original-88", "original-115", "original-101", "original-98", "original-120", "original-96", "original-91", "original-94", "original-82", "original-87", "original-90", "original-86", "original-83", "original-81", "original-89", "original-15", "original-70", "original-66", "original-63", "original-67", "original-44", "original-42", "original-25", "original-24", "original-54", "original-43", "original-48", "original-32", "original-39", "original-65", "original-19", "original-40", "original-53", "original-62", "original-50", "original-20", "original-69", "original-49", "original-52", "original-68", "original-57", "original-18", "original-61", "original-59", "original-58", "original-47", "original-56", "original-33", "original-64", "original-35", "original-51", "original-46", "original-45", "original-37", "original-17", "original-28", "original-55", "original-41", "original-38", "original-60", "original-36", "original-31", "original-34", "original-22", "original-27", "original-30", "original-26", "original-23", "original-21", "original-29"], "ori_id": 16, "id": 6, "text": "body_interior"}], "name": "body", "objs": ["original-13", "original-11", "original-12", "original-5", "original-6", "original-2", "original-74", "original-72", "original-126", "original-123", "original-127", "original-104", "original-85", "original-102", "original-84", "original-114", "original-103", "original-108", "original-92", "original-99", "original-125", "original-79", "original-100", "original-113", "original-122", "original-110", "original-80", "original-129", "original-109", "original-112", "original-128", "original-117", "original-78", "original-121", "original-119", "original-118", "original-107", "original-116", "original-93", "original-124", "original-95", "original-111", "original-106", "original-105", "original-97", "original-77", "original-88", "original-115", "original-101", "original-98", "original-120", "original-96", "original-91", "original-94", "original-82", "original-87", "original-90", "original-86", "original-83", "original-81", "original-89", "original-15", "original-70", "original-66", "original-63", "original-67", "original-44", "original-42", "original-25", "original-24", "original-54", "original-43", "original-48", "original-32", "original-39", "original-65", "original-19", "original-40", "original-53", "original-62", "original-50", "original-20", "original-69", "original-49", "original-52", "original-68", "original-57", "original-18", "original-61", "original-59", "original-58", "original-47", "original-56", "original-33", "original-64", "original-35", "original-51", "original-46", "original-45", "original-37", "original-17", "original-28", "original-55", "original-41", "original-38", "original-60", "original-36", "original-31", "original-34", "original-22", "original-27", "original-30", "original-26", "original-23", "original-21", "original-29"], "ori_id": 1, "id": 1, "text": "body"}, {"children": [{"children": [{"name": "foot", "id": 11, "objs": ["original-10"], "ori_id": 4, "text": "foot"}, {"name": "foot", "id": 12, "objs": ["original-8"], "ori_id": 5, "text": "foot"}, {"name": "foot", "id": 13, "objs": ["original-7"], "ori_id": 6, "text": "foot"}, {"name": "foot", "id": 14, "objs": ["original-9"], "ori_id": 7, "text": "foot"}], "name": "foot_base", "objs": ["original-10", "original-8", "original-7", "original-9"], "ori_id": 3, "id": 10, "text": "foot_base"}], "name": "base", "objs": ["original-10", "original-8", "original-7", "original-9"], "ori_id": 2, "id": 9, "text": "base"}], "name": "refrigerator", "objs": ["original-13", "original-11", "original-12", "original-5", "original-6", "original-2", "original-74", "original-72", "original-126", "original-123", "original-127", "original-104", "original-85", "original-102", "original-84", "original-114", "original-103", "original-108", "original-92", "original-99", "original-125", "original-79", "original-100", "original-113", "original-122", "original-110", "original-80", "original-129", "original-109", "original-112", "original-128", "original-117", "original-78", "original-121", "original-119", "original-118", "original-107", "original-116", "original-93", "original-124", "original-95", "original-111", "original-106", "original-105", "original-97", "original-77", "original-88", "original-115", "original-101", "original-98", "original-120", "original-96", "original-91", "original-94", "original-82", "original-87", "original-90", "original-86", "original-83", "original-81", "original-89", "original-15", "original-70", "original-66", "original-63", "original-67", "original-44", "original-42", "original-25", "original-24", "original-54", "original-43", "original-48", "original-32", "original-39", "original-65", "original-19", "original-40", "original-53", "original-62", "original-50", "original-20", "original-69", "original-49", "original-52", "original-68", "original-57", "original-18", "original-61", "original-59", "original-58", "original-47", "original-56", "original-33", "original-64", "original-35", "original-51", "original-46", "original-45", "original-37", "original-17", "original-28", "original-55", "original-41", "original-38", "original-60", "original-36", "original-31", "original-34", "original-22", "original-27", "original-30", "original-26", "original-23", "original-21", "original-29", "original-10", "original-8", "original-7", "original-9"], "ori_id": 0, "id": 0, "text": "refrigerator"}]