[{"text": "Refrigerator", "children": [{"text": "Body", "children": [{"text": "Door", "children": [{"text": "Door Frame", "objs": ["original-13"], "id": 10, "name": "door_frame"}, {"text": "Handle", "objs": ["original-11"], "id": 11, "name": "handle"}, {"text": "Glass", "objs": ["original-12"], "id": 12, "name": "glass"}, {"text": "Hinge", "objs": ["original-5"], "id": 13, "name": "hinge"}, {"text": "Hinge", "objs": ["original-6"], "id": 14, "name": "hinge"}], "id": 9, "name": "door"}, {"text": "Frame", "objs": ["original-2"], "id": 15, "name": "frame"}, {"text": "Body Interior", "children": [{"text": "Shelf", "objs": ["original-74", "original-72", "original-126", "original-123", "original-127", "original-104", "original-85", "original-102", "original-84", "original-114", "original-103", "original-108", "original-92", "original-99", "original-125", "original-79", "original-100", "original-113", "original-122", "original-110", "original-80", "original-129", "original-109", "original-112", "original-128", "original-117", "original-78", "original-121", "original-119", "original-118", "original-107", "original-116", "original-93", "original-124", "original-95", "original-111", "original-106", "original-105", "original-97", "original-77", "original-88", "original-115", "original-101", "original-98", "original-120", "original-96", "original-91", "original-94", "original-82", "original-87", "original-90", "original-86", "original-83", "original-81", "original-89"], "id": 17, "name": "shelf"}, {"text": "Shelf", "objs": ["original-15", "original-70", "original-66", "original-63", "original-67", "original-44", "original-42", "original-25", "original-24", "original-54", "original-43", "original-48", "original-32", "original-39", "original-65", "original-19", "original-40", "original-53", "original-62", "original-50", "original-20", "original-69", "original-49", "original-52", "original-68", "original-57", "original-18", "original-61", "original-59", "original-58", "original-47", "original-56", "original-33", "original-64", "original-35", "original-51", "original-46", "original-45", "original-37", "original-17", "original-28", "original-55", "original-41", "original-38", "original-60", "original-36", "original-31", "original-34", "original-22", "original-27", "original-30", "original-26", "original-23", "original-21", "original-29"], "id": 18, "name": "shelf"}], "id": 16, "name": "body_interior"}], "id": 1, "name": "body"}, {"text": "Base", "children": [{"text": "Foot Base", "children": [{"text": "Foot", "objs": ["original-10"], "id": 4, "name": "foot"}, {"text": "Foot", "objs": ["original-8"], "id": 5, "name": "foot"}, {"text": "Foot", "objs": ["original-7"], "id": 6, "name": "foot"}, {"text": "Foot", "objs": ["original-9"], "id": 7, "name": "foot"}], "id": 3, "name": "foot_base"}], "id": 2, "name": "base"}], "id": 0, "name": "refrigerator"}]